MODE,VAR,RESULT
Gen,1,0.00842222800000001
Std,1,0.020521612000000092
