MODE,VAR,RESULT
Gen,1000000,2.6793
Gen,5000000,14.61311665
Gen,10000000,37.411372899999996
Std,1000000,11.6375333
Std,5000000,77.13269585
Std,10000000,97.64918335
Base,1000000,11.5281875
Base,5000000,52.572558349999994
Base,10000000,85.59059165
GenBase,1000000,2.683725
GenBase,5000000,13.69162915
GenBase,10000000,18.81587085
