MODE,VAR,RESULT
Gen,1000000,2.87561875
Gen,5000000,13.7769479
Gen,10000000,17.3420292
Std,1000000,11.74590625
Std,5000000,50.7498
Std,10000000,84.6096646
