MODE,VAR,RESULT
Gen,1000000,3.50745825
Gen,5000000,21.427989500000002
Gen,10000000,33.83116045
Std,1000000,5.91850625
Std,5000000,19.25060205
Std,10000000,22.936191649999998
