MODE,VAR,RESULT
Gen,0.01,22.65751255
Gen,0.001,15.853287400000005
Gen,0.0001,15.894549950000002
Std,0.01,22.761606200000003
Std,0.001,20.92453125
Std,0.0001,19.959518750000004
