MODE,VAR,RESULT
Gen,0.01,16.746274800000002
Gen,0.001,15.074308250000001
Gen,0.0001,14.985489699999999
Std,0.01,23.7502437
Std,0.001,20.5855812
Std,0.0001,20.777137500000002
