MODE,VAR,RESULT
Gen,1000000,26.0158543
Gen,5000000,155.7134625
Gen,10000000,323.25696869999996
Std,1000000,2.8693478499999996
Std,5000000,13.702356200000002
Std,10000000,26.3381312
Base,1000000,2.9287729
Base,5000000,15.550814599999999
Base,10000000,23.2051167
GenBase,1000000,25.80509165
GenBase,5000000,148.93700425000003
GenBase,10000000,307.52568535
