MODE,VAR,RESULT
Gen,1000000,26.753083300000004
Gen,5000000,164.1188082
Gen,10000000,319.9483854
Std,1000000,2.85245835
Std,5000000,18.6955918
Std,10000000,37.933991649999996
