MODE,VAR,RESULT
Gen,1000000,5.0948291999999995
Gen,5000000,14.884820849999997
Gen,10000000,26.81299155
Std,1000000,5.0326271
Std,5000000,14.511527050000002
Std,10000000,26.804729149999996
