MODE,VAR,RESULT
Gen,1000,39.147933349999995
Gen,2000,286.3082311
Gen,3000,955.2724541499999
Gen,4000,2395.6627230000004
Std,1000,39.928316699999996
Std,2000,294.25226470000007
Std,3000,955.1872042000001
Std,4000,2395.7832312
