MODE,VAR,RESULT
Gen,1000,0.28123535000000005
Gen,5000,18.91703335
Gen,10000,34.0893417
Std,1000,0.38925005000000007
Std,5000,22.14286455
Std,10000,34.407062450000005
